gender,age,experience,education,salary_offered,hired,department
male,32,9,Bachelor,70336,1,Engineering
male,31,6,PhD,70740,1,Management
male,35,12,PhD,86620,1,Engineering
male,26,1,Bachelor,43150,0,Engineering
female,32,7,Masters,65136,1,Management
female,34,8,Bachelor,60359,1,Research
female,48,25,Masters,118398,1,Engineering
female,49,19,Masters,107765,1,Sales
female,33,11,Bachelor,75691,1,Engineering
female,48,20,Masters,108248,1,Sales
female,41,18,Bachelor,89722,1,Engineering
male,32,5,Masters,63313,1,Engineering
female,36,9,Bachelor,62674,1,Sales
male,30,1,Masters,48852,1,Sales
male,47,23,Masters,117715,1,Research
male,48,24,PhD,128213,1,Engineering
female,31,8,Bachelor,68724,0,Engineering
female,28,3,Bachelor,50522,1,Sales
female,48,23,PhD,124686,1,Management
male,42,19,Bachelor,93959,1,Sales
female,43,18,Masters,98627,1,Management
female,46,24,PhD,127736,1,Research
female,40,16,PhD,103293,1,Management
male,32,6,Bachelor,53476,0,Sales
female,25,1,Masters,49920,0,Sales
female,26,3,Masters,61405,1,Sales
female,38,15,PhD,100971,0,Research
female,46,17,Bachelor,95218,0,Management
female,31,9,Masters,73429,1,Research
male,41,12,PhD,91855,1,Sales
female,26,1,PhD,53964,0,Engineering
female,49,26,Masters,130700,1,Research
male,38,8,Bachelor,64647,1,Sales
female,37,10,PhD,88724,1,Management
female,26,1,Masters,49469,1,Sales
male,29,2,Bachelor,46688,0,Engineering
male,50,25,Masters,118488,1,Management
female,43,13,Bachelor,81622,1,Engineering
female,42,12,Bachelor,73770,0,Sales
female,33,6,PhD,68663,0,Management
male,46,18,Masters,100562,1,Sales
male,46,21,Masters,110158,1,Management
female,26,1,Bachelor,43546,0,Sales
female,35,9,Bachelor,68684,1,Management
male,34,9,Bachelor,64070,0,Research
male,47,24,Masters,120626,1,Engineering
male,31,6,PhD,76140,1,Engineering
male,29,1,Bachelor,46531,1,Engineering
female,40,14,Masters,86413,1,Engineering
male,44,16,PhD,98519,1,Engineering
male,41,13,PhD,92710,1,Sales
female,48,26,Masters,124506,1,Research
female,27,4,Masters,63627,1,Management
male,26,1,PhD,59916,0,Management
male,24,1,Masters,53984,0,Sales
female,29,7,PhD,74531,1,Sales
female,31,5,Masters,66146,1,Research
male,35,13,PhD,96872,1,Sales
male,34,7,Masters,67097,0,Management
male,33,8,Bachelor,66672,1,Management
female,47,25,Masters,126950,1,Management
female,50,26,PhD,130446,1,Management
female,32,7,PhD,80641,1,Engineering
male,33,7,Bachelor,60543,1,Management
female,27,1,Bachelor,47966,1,Sales
male,43,15,Masters,91073,0,Management
female,26,1,Masters,46361,1,Engineering
male,48,26,Masters,126446,0,Management
female,30,5,PhD,71646,1,Research
male,44,22,PhD,125365,1,Engineering
male,33,9,Masters,78752,1,Management
female,50,23,Bachelor,113887,1,Engineering
male,36,11,PhD,91100,1,Management
female,27,1,Masters,49518,0,Research
male,40,16,PhD,101185,1,Sales
female,29,4,PhD,71796,1,Research
female,45,21,PhD,121915,1,Research
female,32,2,PhD,62078,0,Research
female,50,27,Masters,124551,1,Research
male,38,12,Bachelor,77601,1,Research
female,31,1,PhD,61819,0,Engineering
male,45,20,PhD,113002,0,Sales
female,34,4,Masters,59401,1,Engineering
female,26,4,PhD,66545,1,Research
female,49,26,Masters,126862,1,Sales
female,32,3,Bachelor,53184,0,Sales
male,25,1,PhD,57563,0,Engineering
male,50,22,Masters,109502,1,Management
male,40,11,Masters,80632,1,Research
female,47,24,PhD,127673,0,Engineering
male,44,14,Bachelor,79629,1,Management
male,27,1,Masters,54283,1,Research
male,39,11,PhD,83905,1,Engineering
male,35,6,Bachelor,58923,1,Research
female,41,12,Bachelor,75556,1,Research
female,41,17,Bachelor,89346,1,Sales
male,36,6,Bachelor,53162,0,Sales
male,28,1,Bachelor,44999,1,Management
female,31,6,PhD,68516,1,Research
female,40,15,Bachelor,86786,1,Research
female,44,17,Bachelor,86251,1,Management
male,49,26,PhD,128494,1,Sales
female,42,19,Bachelor,92583,0,Sales
male,43,15,Bachelor,88463,1,Sales
male,33,9,Masters,77541,1,Sales
male,47,19,PhD,110994,1,Research
male,27,1,Bachelor,44080,1,Sales
female,35,8,Bachelor,63619,1,Engineering
male,32,3,Masters,57783,0,Sales
male,24,1,PhD,55367,1,Research
male,40,17,Bachelor,94712,1,Management
male,41,18,PhD,109756,1,Research
female,33,8,Bachelor,62265,1,Engineering
female,37,11,PhD,91045,1,Sales
female,25,2,PhD,59104,0,Engineering
female,39,15,PhD,103571,0,Sales
female,44,15,Bachelor,86572,1,Sales
male,32,8,Masters,73043,1,Management
female,43,20,Masters,105789,1,Sales
female,44,20,Bachelor,100474,0,Management
female,49,27,Masters,126922,1,Management
male,31,8,PhD,80124,1,Engineering
female,44,22,PhD,123369,1,Research
male,46,20,Masters,107410,1,Management
male,46,24,Masters,120981,1,Sales
male,32,7,Masters,70527,1,Sales
male,27,1,Bachelor,38343,1,Engineering
male,28,4,Bachelor,55941,1,Research
female,25,1,PhD,53307,0,Research
female,43,17,PhD,102275,0,Engineering
female,33,10,Masters,77823,0,Engineering
male,36,8,Masters,71916,1,Engineering
female,26,1,Masters,52572,1,Engineering
female,48,19,PhD,115485,1,Management
male,30,7,PhD,75351,1,Engineering
male,47,25,Bachelor,110638,1,Engineering
male,32,4,Masters,64238,1,Management
male,40,18,Masters,101089,1,Engineering
female,45,20,Masters,103086,1,Sales
male,47,18,Bachelor,91318,1,Management
female,27,1,Bachelor,44194,0,Engineering
female,31,8,Masters,70690,0,Engineering
female,49,27,Bachelor,122175,1,Research
female,30,7,PhD,74298,0,Research
male,29,2,Bachelor,47816,0,Engineering
female,24,1,Masters,47952,1,Sales
female,48,20,Masters,110950,1,Sales
female,45,23,PhD,122967,1,Research
female,29,1,Masters,52658,0,Research
male,37,7,PhD,71056,1,Engineering
female,34,7,PhD,79867,0,Sales
female,47,23,PhD,121350,1,Engineering
male,45,22,Bachelor,103053,1,Engineering
male,38,10,Bachelor,69149,1,Management
female,37,14,PhD,99783,1,Engineering
female,25,1,PhD,53604,1,Engineering
male,43,17,Bachelor,95224,1,Management
female,44,18,Masters,105982,1,Research
female,32,4,Bachelor,50506,1,Engineering
female,50,26,PhD,136717,1,Research
female,46,20,PhD,110087,1,Management
female,32,7,Masters,69510,1,Research
male,29,2,PhD,58237,0,Engineering
female,32,8,PhD,80029,1,Engineering
female,32,7,Masters,69215,1,Sales
male,42,13,PhD,92507,1,Management
male,48,23,Masters,114362,1,Engineering
male,41,14,PhD,101655,1,Management
female,35,11,Bachelor,69889,1,Research
female,24,1,Masters,50705,1,Sales
female,34,12,PhD,87226,1,Sales
male,26,1,PhD,61192,0,Management
male,36,9,Masters,77108,1,Engineering
male,32,2,Masters,51435,0,Research
male,33,7,Bachelor,56918,0,Sales
male,29,6,Masters,64262,1,Engineering
male,27,4,Masters,58932,0,Research
female,44,22,Masters,109170,1,Engineering
male,40,10,Masters,75049,1,Engineering
female,46,23,Masters,114907,1,Sales
male,25,1,PhD,53470,0,Sales
male,27,2,Masters,54517,1,Engineering
male,38,13,PhD,89055,1,Engineering
female,34,10,Masters,76345,1,Sales
male,25,1,Masters,49176,0,Sales
male,26,1,Masters,48755,1,Management
male,37,7,Bachelor,56232,1,Management
male,46,21,PhD,119063,1,Management
female,37,12,Masters,85599,1,Management
male,33,5,PhD,70889,0,Management
female,50,21,Masters,112903,1,Research
female,43,15,PhD,97096,1,Management
male,33,5,Masters,62758,0,Management
female,32,6,Masters,65302,1,Research
female,36,14,Bachelor,84486,0,Research
male,50,28,Bachelor,122401,1,Sales
female,25,1,PhD,61094,0,Research
female,35,6,PhD,69045,0,Sales
male,40,12,Bachelor,72041,1,Management
male,32,3,PhD,64248,1,Engineering
female,24,1,PhD,60548,0,Research
male,42,15,PhD,103217,1,Sales
male,46,19,PhD,112532,1,Management
male,29,1,Bachelor,46824,0,Management
female,49,26,Masters,127318,1,Management
male,50,20,Bachelor,104619,1,Engineering
female,36,7,PhD,71511,1,Management
female,32,10,Masters,78310,0,Research
male,50,21,PhD,118697,1,Engineering
male,29,2,Masters,58889,1,Engineering
female,50,23,Masters,120873,1,Engineering
male,33,11,Bachelor,75538,1,Research
male,26,1,Masters,55777,1,Research
male,38,14,Masters,92613,1,Engineering
male,46,21,PhD,120316,1,Research
male,30,1,Bachelor,43834,1,Sales
female,32,8,PhD,75852,1,Engineering
female,41,17,PhD,107073,1,Sales
male,46,18,PhD,107649,0,Research
male,48,26,PhD,131087,1,Sales
female,27,4,Masters,61502,1,Management
male,47,19,Masters,108467,1,Research
male,39,12,Masters,87834,1,Research
male,46,24,Masters,116696,1,Management
female,26,1,Masters,54043,0,Management
female,44,17,PhD,102291,1,Engineering
female,42,16,Bachelor,88487,1,Engineering
female,48,19,PhD,112226,1,Management
male,29,5,Bachelor,56567,1,Management
female,40,14,Masters,92087,1,Research
male,41,16,PhD,101796,1,Management
female,30,1,Masters,49076,0,Management
male,45,17,Bachelor,88468,1,Sales
male,31,5,PhD,72215,1,Management
female,27,1,Masters,53925,1,Sales
male,45,23,Masters,118086,1,Research
male,44,15,Masters,89230,1,Sales
male,39,17,Bachelor,90211,0,Engineering
female,28,1,Bachelor,42065,0,Management
male,27,2,Masters,52702,1,Sales
male,29,4,PhD,64061,0,Sales
female,32,6,Bachelor,54704,0,Management
male,47,18,PhD,106541,1,Sales
female,45,23,Masters,112598,1,Sales
male,44,17,Bachelor,86415,1,Research
female,41,19,PhD,114418,1,Engineering
male,30,1,Bachelor,43862,0,Sales
male,45,17,PhD,109058,1,Research
female,46,21,Masters,113021,1,Management
male,43,20,PhD,119202,1,Management
male,46,17,PhD,103525,1,Research
male,28,2,Masters,49727,1,Management
female,40,12,Masters,79016,1,Engineering
male,33,5,Masters,61728,0,Sales
female,30,5,Masters,60627,1,Research
female,44,14,Bachelor,79810,1,Sales
female,48,26,PhD,130593,1,Engineering
male,31,4,Masters,62003,1,Engineering
male,30,8,Masters,68698,0,Sales
female,29,4,PhD,64837,1,Management
female,31,7,PhD,77279,1,Management
male,36,6,Masters,69700,0,Research
female,29,4,Masters,58003,0,Management
female,34,8,PhD,79322,1,Research
male,37,10,Masters,75210,1,Management
female,27,1,PhD,60531,1,Research
female,38,12,Masters,86126,1,Sales
female,47,17,Bachelor,91755,1,Research
male,40,18,Masters,103513,1,Engineering
female,50,23,Bachelor,109449,1,Research
male,40,11,Bachelor,71447,0,Sales
female,34,9,PhD,82157,0,Management
male,28,1,PhD,60814,0,Management
male,45,15,Masters,96195,0,Engineering
female,37,13,Bachelor,77831,1,Engineering
male,48,26,PhD,135531,1,Engineering
male,29,1,Masters,48595,1,Sales
male,40,16,PhD,102245,1,Engineering
male,44,17,PhD,106569,1,Research
female,37,15,PhD,104754,1,Management
female,37,14,Bachelor,78780,1,Engineering
male,43,17,PhD,109527,1,Management
female,33,8,PhD,81765,1,Engineering
male,50,21,PhD,114124,1,Research
female,35,10,Bachelor,67803,1,Sales
female,44,22,Masters,113499,1,Sales
female,31,2,Masters,50564,1,Sales
female,44,16,PhD,105074,1,Engineering
male,45,16,Bachelor,83605,1,Engineering
male,29,3,Masters,54764,1,Management
female,50,24,PhD,127769,1,Research
male,39,13,Masters,89350,1,Management
male,25,2,Bachelor,43594,1,Engineering
female,29,4,Masters,61117,1,Engineering
female,48,24,PhD,130086,1,Management
female,44,21,PhD,118520,1,Management
female,49,19,PhD,107061,1,Research
male,39,13,Bachelor,74517,1,Management
female,28,6,PhD,68751,1,Management
female,40,13,PhD,93170,1,Management
female,46,17,PhD,103451,1,Sales
female,25,1,Bachelor,43646,0,Sales
female,46,24,PhD,122560,1,Engineering
male,42,20,Bachelor,103092,1,Sales
female,35,9,Masters,76203,0,Management
male,47,19,Bachelor,101739,1,Engineering
female,33,11,Masters,78222,0,Research
female,33,10,Masters,82068,1,Sales
male,25,1,Masters,54917,0,Engineering
male,25,1,Masters,48885,1,Research
male,27,2,Bachelor,45565,1,Engineering
female,32,4,Masters,59993,0,Engineering
male,44,21,Bachelor,106991,1,Engineering
male,32,7,Masters,65988,1,Engineering
male,50,22,Masters,110538,1,Research
male,25,1,Masters,52540,0,Management
female,42,16,Bachelor,91628,1,Sales
female,31,1,Bachelor,45946,0,Management
male,34,9,Masters,74574,1,Management
male,25,1,Bachelor,42346,1,Sales
female,29,3,Bachelor,52477,0,Sales
male,45,21,PhD,116965,1,Sales
male,40,17,Bachelor,94829,1,Research
male,31,6,PhD,75130,1,Engineering
female,45,17,PhD,108511,1,Research
male,40,18,Bachelor,92634,1,Research
male,27,1,Bachelor,39004,1,Sales
male,29,1,Bachelor,39037,1,Engineering
male,35,7,Masters,72029,1,Sales
female,43,14,Bachelor,85121,1,Management
female,29,4,PhD,64381,1,Engineering
male,48,20,Bachelor,104453,1,Engineering
female,40,18,Bachelor,97595,1,Research
female,47,25,Masters,127285,1,Sales
female,45,21,Bachelor,101293,0,Research
female,38,13,Masters,91402,1,Sales
female,46,20,Masters,107209,1,Research
female,33,7,PhD,74950,1,Engineering
female,31,6,Masters,62456,0,Management
female,26,1,PhD,55739,0,Research
male,33,11,PhD,87774,1,Research
male,31,5,PhD,69430,0,Engineering
female,28,1,Bachelor,44776,0,Research
male,34,8,PhD,74996,1,Engineering
female,48,21,PhD,119089,1,Sales
male,34,5,Masters,62552,1,Management
female,30,3,PhD,59708,1,Engineering
male,48,22,Masters,118217,1,Engineering
male,24,2,PhD,58748,1,Management
female,38,15,PhD,104080,1,Sales
male,35,5,PhD,66035,1,Management
female,36,11,PhD,84263,0,Sales
female,41,11,Bachelor,70558,1,Management
female,38,10,Masters,73681,1,Sales
female,42,17,PhD,102977,0,Management
female,46,18,PhD,112869,1,Sales
female,37,9,Masters,71009,1,Management
male,27,5,Bachelor,56014,0,Management
male,26,2,PhD,58301,1,Research
female,25,1,Bachelor,44891,0,Sales
female,27,1,PhD,61159,1,Engineering
male,32,5,Bachelor,51487,1,Management
female,26,1,Masters,48833,1,Sales
male,26,1,PhD,53690,1,Engineering
female,35,13,Bachelor,76513,0,Engineering
male,37,14,PhD,98956,1,Sales
male,37,11,Bachelor,71998,1,Management
female,34,5,Masters,58020,1,Engineering
male,27,2,PhD,65551,1,Engineering
female,24,2,PhD,63905,1,Sales
male,25,1,PhD,55954,1,Research
male,49,20,Masters,103713,1,Engineering
male,42,16,PhD,102342,1,Engineering
male,26,1,Bachelor,41353,0,Research
female,29,1,Masters,46434,0,Sales
female,25,1,Bachelor,43969,0,Sales
female,37,13,PhD,91437,1,Management
male,45,19,PhD,113575,1,Management
female,44,22,Masters,118929,1,Management
female,31,2,Masters,56648,0,Sales
male,25,3,PhD,62177,1,Engineering
female,29,5,Bachelor,51220,0,Sales
male,24,1,Masters,47353,0,Research
female,32,3,Bachelor,47927,0,Engineering
male,46,23,PhD,128333,1,Engineering
female,35,9,Masters,71073,1,Research
male,48,22,Bachelor,104455,0,Engineering
female,36,10,Bachelor,68116,1,Engineering
male,28,1,PhD,55070,1,Sales
female,41,12,Bachelor,75991,0,Engineering
female,28,5,Bachelor,51952,1,Sales
female,40,10,Masters,76151,1,Sales
female,48,23,Masters,116283,1,Management
female,24,1,Bachelor,42499,1,Management
male,30,5,PhD,74172,1,Research
male,25,3,PhD,62238,1,Sales
female,48,24,Masters,115719,1,Sales
male,37,14,PhD,101272,1,Sales
male,34,6,Masters,62669,0,Engineering
female,29,6,Masters,66672,1,Research
female,30,3,Masters,56619,1,Management
female,30,4,PhD,63359,1,Research
male,30,5,Bachelor,51066,0,Management
female,26,1,PhD,56095,1,Management
female,27,1,PhD,60230,0,Sales
male,39,12,PhD,90870,1,Sales
female,32,8,PhD,82245,1,Management
female,32,7,PhD,74363,1,Engineering
male,27,5,PhD,70146,0,Sales
male,35,5,Masters,65604,0,Sales
male,27,3,Masters,53521,0,Engineering
male,30,5,Bachelor,57373,1,Research
male,25,1,Bachelor,44138,1,Management
male,32,3,PhD,67835,1,Research
male,24,1,Bachelor,46677,1,Research
male,37,14,Bachelor,79408,1,Management
male,39,9,Masters,72678,0,Research
female,48,21,Masters,113515,1,Management
female,48,23,Bachelor,109514,1,Management
female,47,24,PhD,124576,1,Engineering
female,50,28,Masters,132363,1,Management
male,25,1,PhD,54419,1,Research
male,47,19,Bachelor,93351,1,Research
male,33,4,PhD,63965,1,Management
male,48,25,Bachelor,113836,1,Research
male,44,19,PhD,109760,1,Research
male,27,1,PhD,58320,0,Sales
male,46,22,Bachelor,101567,0,Sales
female,43,13,PhD,91043,1,Engineering
male,44,18,PhD,105806,1,Research
male,38,9,Masters,75493,1,Engineering
male,48,22,Masters,114696,1,Management
male,46,20,Masters,107959,1,Research
male,45,20,Bachelor,102381,1,Engineering
female,50,24,PhD,130706,1,Engineering
female,45,15,Bachelor,89241,1,Research
male,39,16,Masters,98497,1,Sales
female,49,26,PhD,134941,1,Sales
female,25,1,Masters,54241,0,Research
female,28,4,Bachelor,53135,0,Sales
male,44,17,Bachelor,89815,1,Management
male,49,20,Bachelor,102575,1,Sales
male,39,15,Masters,95163,1,Management
female,50,22,Bachelor,106393,1,Research
female,42,20,PhD,112499,1,Research
female,45,23,PhD,126591,1,Engineering
male,35,8,Masters,70584,1,Management
male,28,1,Masters,51620,0,Engineering
female,28,1,PhD,58081,0,Engineering
female,29,3,Bachelor,51639,1,Research
male,40,10,Bachelor,70719,1,Engineering
male,34,9,PhD,85954,1,Management
male,36,9,Bachelor,63513,1,Management
male,48,22,Masters,116332,0,Research
male,46,19,Masters,105192,1,Sales
female,43,21,PhD,116195,1,Sales
female,44,17,Masters,100252,1,Engineering
male,25,2,PhD,64291,1,Research
male,33,11,Bachelor,70317,0,Research
female,40,10,PhD,81197,1,Engineering
male,24,1,Masters,52036,1,Management
male,44,19,Bachelor,95446,0,Sales
male,44,14,PhD,99675,1,Engineering
female,43,15,PhD,101841,1,Research
female,34,10,Bachelor,74250,1,Engineering
male,28,1,Masters,46929,1,Research
female,50,25,Masters,122744,1,Sales
male,50,28,PhD,142506,1,Management
male,25,1,PhD,60123,0,Management
female,31,6,Bachelor,61982,1,Management
male,40,17,Masters,101014,1,Sales
male,34,6,Bachelor,62059,0,Sales
male,47,21,Bachelor,98728,0,Research
female,28,4,PhD,71949,1,Management
male,41,17,Bachelor,88573,1,Engineering
female,39,17,PhD,105622,1,Research
female,35,12,PhD,94133,1,Engineering
male,38,16,Masters,93861,1,Sales
male,41,15,Masters,97883,1,Sales
male,43,20,Bachelor,100898,1,Management
male,37,14,PhD,99817,1,Engineering
female,46,24,Bachelor,107506,1,Research
female,24,1,PhD,54635,0,Research
female,40,10,Masters,79266,1,Research
male,49,27,Bachelor,116230,1,Management
male,40,15,Bachelor,88400,1,Research
female,28,2,PhD,58919,1,Engineering
male,39,9,Bachelor,67437,1,Research
male,44,14,Bachelor,81632,0,Management
female,30,1,Masters,52170,0,Research
male,50,20,Masters,107417,1,Sales
female,41,15,Masters,97679,1,Sales
male,31,3,PhD,67518,0,Management
female,30,5,Bachelor,50698,1,Engineering
male,44,14,PhD,94993,1,Engineering
female,28,6,PhD,76693,1,Engineering
male,39,13,Masters,84889,1,Research
female,47,22,PhD,120947,0,Management
female,35,12,Masters,85807,1,Engineering
female,40,18,PhD,109046,1,Sales
female,34,12,PhD,92703,1,Research
female,40,18,Bachelor,91176,1,Research
male,49,25,Masters,122525,0,Research
female,42,17,Bachelor,88037,1,Engineering
male,42,13,PhD,92235,1,Research
female,41,18,Masters,98743,1,Research
male,43,15,Masters,92741,1,Management
female,44,14,Bachelor,86664,1,Management
male,43,13,Masters,82114,1,Sales
female,32,10,Bachelor,74177,1,Engineering
female,25,1,PhD,53307,0,Sales
female,32,7,Masters,64956,1,Engineering
female,49,20,Masters,105659,1,Management
female,24,1,Bachelor,40846,1,Management
female,30,3,Bachelor,49273,1,Sales
male,28,6,Bachelor,59646,0,Research
female,29,5,Masters,58375,1,Engineering
female,47,25,PhD,125979,1,Management
female,47,25,PhD,126037,1,Research
female,49,26,Bachelor,122917,1,Research
male,42,12,Masters,79094,1,Sales
male,32,9,PhD,85620,1,Management
female,40,15,Bachelor,89277,1,Sales
male,35,7,Masters,66335,1,Sales
female,28,1,Bachelor,46850,1,Research
female,48,23,Masters,119590,1,Management
male,30,8,PhD,83528,1,Research
female,24,1,Bachelor,41980,1,Management
male,26,2,PhD,59420,1,Research
female,30,6,Masters,69360,1,Research
male,27,1,Bachelor,38548,1,Engineering
male,43,18,Masters,97145,1,Management
male,37,11,Bachelor,69539,0,Research
female,45,16,PhD,104359,1,Research
female,26,1,PhD,59897,0,Management
female,48,22,Bachelor,106977,1,Research
male,40,18,Masters,101798,1,Research
female,46,21,Bachelor,105665,1,Sales
male,42,14,PhD,96568,1,Management
female,43,13,Masters,82647,1,Sales
female,25,3,Bachelor,51845,0,Sales
female,46,16,Bachelor,86956,1,Sales
male,41,12,Bachelor,79546,1,Engineering
male,30,7,Masters,66939,1,Sales
male,40,12,Bachelor,76114,1,Engineering
female,42,13,Bachelor,75038,1,Management
female,43,16,Masters,93068,1,Engineering
male,26,3,Masters,55527,0,Management
male,43,16,Masters,99110,1,Sales
female,35,8,PhD,76937,1,Sales
female,43,16,Masters,98271,1,Management
female,41,18,Masters,101274,1,Sales
male,47,24,Masters,122697,0,Management
male,32,10,Bachelor,69373,1,Research
female,33,7,Bachelor,65564,0,Management
female,34,10,Bachelor,71541,1,Research
male,25,1,Masters,48453,0,Research
female,36,14,Bachelor,82696,1,Engineering
male,30,1,Masters,50449,1,Sales
male,31,4,Masters,55146,1,Engineering
female,39,9,Masters,73323,1,Sales
female,34,11,PhD,83117,1,Management
male,47,22,Bachelor,103626,1,Sales
male,26,1,PhD,54989,1,Engineering
male,39,12,Bachelor,80573,1,Research
male,37,13,PhD,98679,1,Research
female,24,1,Masters,55218,1,Sales
male,42,16,Bachelor,89569,1,Management
female,25,1,Masters,49455,1,Sales
female,36,14,PhD,97598,1,Management
male,34,12,PhD,93390,1,Engineering
female,44,20,Bachelor,97476,0,Sales
male,45,18,Masters,104073,1,Engineering
female,46,24,Bachelor,113331,1,Research
female,47,18,Masters,98670,1,Sales
female,28,1,Masters,55088,0,Research
female,36,10,Bachelor,72908,1,Management
female,41,19,Bachelor,94901,1,Research
male,38,11,Masters,80076,1,Management
male,49,19,Masters,108761,1,Engineering
female,44,18,PhD,112352,1,Engineering
female,26,1,Bachelor,45085,0,Engineering
male,43,20,PhD,118895,1,Management
male,30,2,Masters,52587,1,Sales
female,31,7,Bachelor,57183,1,Management
male,36,8,PhD,81187,1,Management
female,47,20,Masters,105849,1,Engineering
female,39,9,PhD,84030,1,Research
male,45,18,Bachelor,93796,1,Management
female,33,3,PhD,60665,0,Engineering
male,46,16,Bachelor,85589,1,Sales
male,48,23,Bachelor,106691,1,Sales
male,44,22,Bachelor,105862,1,Engineering
female,24,1,PhD,55122,1,Sales
female,27,5,Masters,64736,1,Engineering
female,31,4,Masters,59729,1,Research
female,44,22,Bachelor,107624,1,Management
male,35,7,Masters,71086,0,Management
male,43,17,PhD,107686,1,Research
female,43,14,PhD,94954,1,Sales
female,27,1,Bachelor,46910,1,Sales
female,35,6,PhD,72103,0,Sales
male,47,24,Masters,119855,1,Sales
male,38,8,PhD,74494,0,Engineering
female,38,9,PhD,85852,1,Research
male,42,18,Masters,103639,1,Engineering
male,47,19,Masters,103898,1,Engineering
male,28,3,Bachelor,46362,1,Engineering
female,39,12,Masters,86468,1,Sales
female,41,17,Bachelor,95210,1,Sales
female,47,20,PhD,116504,1,Research
male,36,6,Masters,69624,0,Management
female,42,17,PhD,103305,1,Sales
female,36,6,Bachelor,57203,1,Sales
male,26,1,PhD,60716,0,Engineering
male,34,10,Masters,77080,1,Engineering
male,39,12,Masters,84845,1,Research
male,49,19,PhD,109207,1,Sales
male,30,5,Bachelor,55205,1,Sales
male,25,1,PhD,58353,0,Engineering
female,49,22,Masters,112968,1,Research
female,38,8,Masters,74417,1,Sales
female,40,12,Masters,82585,1,Research
male,26,2,PhD,63448,0,Management
male,40,10,Masters,81702,1,Management
female,35,13,Masters,85802,1,Research
male,37,9,PhD,81440,1,Management
female,49,19,PhD,113785,1,Research
female,42,17,Masters,102339,1,Management
male,34,6,PhD,73338,1,Management
female,31,5,Masters,64050,1,Sales
male,42,20,PhD,115506,0,Research
male,48,24,PhD,125735,1,Management
female,31,4,PhD,70689,0,Engineering
male,42,13,Bachelor,80635,1,Research
male,49,24,PhD,128891,1,Management
male,38,11,Bachelor,72519,1,Management
male,41,15,PhD,104719,1,Engineering
male,46,16,Masters,99635,1,Research
male,36,13,Bachelor,74877,0,Management
female,44,17,Bachelor,93169,1,Research
male,41,11,Bachelor,75526,0,Management
male,37,7,Masters,64252,1,Sales
female,44,20,Bachelor,103005,1,Sales
male,46,22,Bachelor,108064,1,Research
male,31,4,Bachelor,48825,0,Research
female,45,23,PhD,120616,1,Sales
male,49,27,PhD,131098,1,Engineering
female,38,9,PhD,84406,0,Engineering
male,47,23,Bachelor,113696,1,Research
male,38,10,PhD,81661,0,Management
female,39,14,Bachelor,77622,1,Research
female,40,11,Bachelor,70960,1,Sales
male,31,5,Bachelor,53213,1,Research
female,38,14,Masters,88270,1,Research
male,37,14,PhD,101320,1,Sales
male,34,7,Masters,71012,0,Research
female,45,21,Masters,107392,1,Sales
male,38,11,PhD,85130,1,Sales
female,33,6,Masters,68024,1,Management
male,27,2,Bachelor,42782,0,Sales
male,27,2,Bachelor,50720,1,Engineering
female,40,10,Bachelor,66947,1,Research
female,28,2,PhD,59084,1,Research
female,37,10,PhD,82758,1,Research
female,29,1,Bachelor,40001,1,Research
female,48,26,Masters,128496,1,Sales
female,25,2,Masters,55403,1,Research
male,26,1,Masters,52899,1,Sales
male,26,4,Bachelor,48386,1,Engineering
male,44,14,Bachelor,85918,1,Management
female,40,18,PhD,106162,1,Research
male,38,8,Masters,68071,0,Management
male,24,1,PhD,58966,0,Research
male,39,12,Masters,85402,1,Research
male,41,12,PhD,95079,1,Sales
male,40,12,Bachelor,71902,1,Sales
male,43,16,Masters,91020,1,Sales
male,42,13,Masters,89466,1,Engineering
female,30,2,Bachelor,42678,1,Engineering
male,24,1,Masters,46438,1,Sales
male,39,13,PhD,97584,1,Sales
female,39,12,PhD,95950,1,Sales
male,45,18,Masters,97315,1,Engineering
male,38,8,Bachelor,59436,0,Research
male,41,12,PhD,95293,1,Engineering
female,45,18,Masters,99366,1,Research
male,48,19,Masters,100862,0,Sales
male,30,4,Masters,58199,0,Research
female,25,1,Masters,53291,0,Sales
male,32,2,Masters,50841,0,Research
male,37,7,Masters,66453,1,Sales
male,29,6,Masters,67516,1,Engineering
male,44,18,Bachelor,91233,1,Sales
female,47,18,PhD,107647,1,Management
male,35,8,Bachelor,61424,0,Management
male,36,6,Masters,63224,1,Research
female,45,23,Masters,121648,1,Sales
male,40,16,Masters,94727,1,Engineering
female,42,20,Masters,111473,1,Sales
female,28,5,PhD,74135,1,Engineering
male,43,15,Bachelor,81316,0,Research
female,48,20,Masters,110291,1,Research
female,29,3,Masters,57781,0,Management
male,28,2,Bachelor,48341,1,Engineering
male,46,19,Bachelor,99131,1,Sales
male,28,1,PhD,61751,1,Management
female,46,18,PhD,104347,0,Research
female,38,14,Masters,93756,1,Management
male,46,20,PhD,110536,1,Sales
male,29,1,PhD,56948,1,Engineering
female,31,7,Bachelor,60520,1,Engineering
male,49,20,Masters,107508,1,Management
female,47,19,PhD,107569,1,Research
male,35,8,PhD,77646,1,Research
female,45,18,Bachelor,94203,1,Research
female,29,4,Bachelor,53907,1,Management
female,31,9,PhD,78693,1,Engineering
male,41,15,Masters,89471,1,Research
female,27,5,PhD,65628,1,Management
male,41,16,Masters,94706,1,Management
male,24,1,Masters,48609,0,Management
male,42,15,Masters,91977,1,Engineering
male,27,1,Masters,47147,0,Engineering
female,24,1,Masters,51720,1,Management
female,28,6,Bachelor,60144,1,Sales
male,46,18,PhD,109959,1,Research
male,40,14,Masters,92024,1,Engineering
male,49,25,Bachelor,116791,1,Sales
female,50,28,PhD,139688,1,Management
male,31,7,PhD,74738,1,Sales
male,49,26,Masters,127423,1,Sales
female,31,6,PhD,68772,0,Research
female,44,21,Bachelor,100492,1,Sales
male,31,3,PhD,59046,1,Engineering
female,38,15,Masters,89049,1,Management
female,40,14,Masters,92182,1,Sales
female,38,16,Masters,94849,1,Research
female,42,18,Bachelor,98943,1,Research
female,31,6,Bachelor,62745,1,Management
male,26,4,PhD,65314,1,Sales
female,43,18,PhD,111491,1,Management
male,36,14,Bachelor,86774,1,Research
female,39,14,Bachelor,82643,1,Sales
female,29,2,Bachelor,50588,0,Sales
male,34,12,Bachelor,80890,1,Research
male,44,14,Masters,92403,1,Research
male,26,1,Masters,54754,1,Sales
male,41,13,Masters,84108,1,Engineering
male,28,1,Bachelor,45517,0,Engineering
male,43,15,PhD,103589,1,Engineering
male,34,4,Masters,62403,0,Engineering
female,41,16,Masters,93431,1,Research
female,41,14,Bachelor,79410,1,Management
male,32,3,Bachelor,44180,0,Sales
male,41,16,PhD,105037,1,Sales
male,32,8,Bachelor,64209,0,Engineering
female,33,4,Bachelor,47259,1,Engineering
female,31,3,Masters,59343,1,Research
female,45,22,Masters,114667,1,Research
male,32,5,Bachelor,59016,1,Sales
male,45,15,Masters,89617,1,Sales
female,39,11,Bachelor,72032,1,Sales
female,25,1,PhD,58286,1,Engineering
female,44,14,Bachelor,77050,1,Sales
male,29,1,Bachelor,43748,0,Engineering
female,26,2,Masters,56574,0,Research
female,50,28,Masters,132468,1,Engineering
male,32,8,PhD,75030,1,Management
female,34,4,Bachelor,52090,1,Research
male,44,16,Bachelor,86680,1,Engineering
female,48,23,PhD,119339,1,Management
male,25,1,Masters,54154,1,Sales
female,28,6,Masters,65995,1,Engineering
female,29,3,PhD,64807,1,Research
female,48,21,Bachelor,107777,1,Research
male,29,7,Bachelor,63197,1,Management
male,43,13,PhD,92139,1,Management
female,40,10,Bachelor,70632,1,Management
male,27,3,Bachelor,48557,0,Sales
female,26,3,PhD,64668,0,Research
male,35,13,Masters,82423,1,Management
male,28,1,PhD,62428,1,Engineering
male,32,9,Masters,71970,1,Engineering
female,30,7,Masters,73175,1,Management
male,47,23,PhD,127518,1,Engineering
male,38,16,Masters,95001,0,Management
female,46,22,Masters,114743,1,Engineering
male,47,21,Bachelor,102497,1,Engineering
male,44,20,Masters,104979,1,Engineering
female,27,5,Masters,61717,1,Sales
female,44,17,Bachelor,91311,0,Engineering
female,42,20,Bachelor,97129,1,Research
male,37,8,PhD,77123,0,Management
male,25,1,Bachelor,45507,0,Sales
female,50,25,Bachelor,114057,0,Management
female,32,5,Masters,67378,1,Management
male,30,7,Bachelor,64407,0,Management
male,35,10,PhD,83202,1,Research
male,38,13,Masters,84374,1,Engineering
male,50,21,Bachelor,106318,1,Research
male,42,18,Masters,99391,1,Research
female,47,24,PhD,130454,1,Research
female,34,11,Masters,81531,1,Sales
female,35,5,Masters,64320,1,Sales
female,48,21,PhD,113902,1,Management
male,46,20,Bachelor,100435,1,Management
female,45,21,Masters,111920,1,Research
male,38,9,Bachelor,69293,0,Management
male,48,22,PhD,119329,0,Management
male,48,21,PhD,121120,0,Management
male,50,27,Masters,129820,1,Sales
female,46,24,Masters,119620,1,Management
female,47,21,PhD,118902,1,Research
female,27,1,Bachelor,39637,1,Management
female,40,15,PhD,102610,1,Research
female,33,3,PhD,65029,1,Engineering
male,48,25,Bachelor,115527,1,Research
female,29,4,Masters,60159,0,Engineering
female,45,15,Masters,89801,1,Sales
male,40,11,Bachelor,72179,1,Research
female,38,12,PhD,95796,1,Sales
male,28,3,PhD,61576,1,Management
female,49,25,Bachelor,113175,1,Engineering
male,32,10,Bachelor,69490,1,Sales
male,44,16,Bachelor,89259,1,Research
male,44,15,PhD,99097,1,Management
male,46,20,PhD,113689,1,Sales
female,32,7,Bachelor,60305,1,Research
female,44,21,PhD,119880,1,Management
female,41,13,PhD,96012,1,Sales
male,29,3,Masters,60937,1,Sales
male,26,1,PhD,58425,0,Sales
male,34,4,Masters,56956,0,Engineering
male,24,1,PhD,62536,0,Engineering
male,26,2,Masters,56688,1,Engineering
male,28,1,Masters,51796,0,Sales
male,26,1,Masters,53509,0,Research
female,36,8,PhD,74808,0,Research
female,36,12,Masters,80147,1,Management
female,29,1,PhD,60086,1,Research
female,30,1,Bachelor,42414,0,Sales
female,24,2,Bachelor,46477,0,Management
male,33,11,Masters,83649,1,Management
female,29,6,Bachelor,58593,0,Sales
female,50,25,Masters,126076,1,Management
male,48,22,Masters,113140,0,Management
male,25,1,PhD,56508,0,Sales
male,33,7,Masters,69945,1,Engineering
female,38,13,Bachelor,83101,1,Sales
female,32,4,Masters,56965,1,Management
male,27,2,Bachelor,46219,1,Management
male,44,16,PhD,98889,1,Research
female,38,9,PhD,86792,1,Research
male,33,5,PhD,73754,1,Engineering
female,47,23,Masters,117456,1,Research
male,33,3,PhD,59106,1,Research
female,42,12,Masters,83418,1,Engineering
male,46,19,Bachelor,94500,1,Management
female,26,1,PhD,55658,0,Engineering
female,35,10,PhD,86549,1,Sales
male,38,15,Masters,89790,0,Research
male,42,16,Masters,96230,1,Research
male,32,10,Bachelor,66309,1,Research
female,24,1,Masters,50736,0,Management
female,46,24,Bachelor,108058,0,Management
male,44,15,Bachelor,85435,1,Research
female,32,7,PhD,71840,1,Sales
male,50,22,Masters,115322,0,Management
male,35,10,PhD,84266,1,Research
female,30,7,Bachelor,65302,1,Engineering
male,25,1,Masters,47856,0,Engineering
female,36,7,Bachelor,65885,1,Sales
female,50,20,Bachelor,103965,1,Research
male,48,19,Masters,107086,1,Sales
female,40,10,Bachelor,74826,0,Engineering
female,34,5,PhD,65392,0,Research
female,47,25,Masters,124657,1,Research
female,27,1,PhD,55218,0,Management
female,27,1,Bachelor,40350,0,Management
male,29,1,Bachelor,40439,1,Management
female,41,17,PhD,104701,1,Research
male,24,1,Bachelor,43696,0,Management
female,44,14,Bachelor,81139,1,Management
male,47,21,PhD,119151,1,Sales
female,33,7,Masters,69217,1,Sales
female,41,15,Bachelor,89158,1,Management
male,39,9,PhD,86339,1,Research
male,30,6,PhD,70475,1,Sales
female,26,3,Bachelor,51305,0,Sales
male,26,3,PhD,64908,1,Research
female,49,19,Masters,101736,1,Management
female,42,19,PhD,110142,1,Engineering
female,45,20,PhD,112596,1,Sales
female,31,5,Masters,58150,1,Research
male,36,6,PhD,70902,1,Research
male,48,22,Masters,113368,1,Sales
female,44,16,PhD,102727,0,Research
female,37,14,Masters,86068,1,Engineering
female,24,1,PhD,61904,1,Engineering
female,44,21,Bachelor,103467,1,Management
male,42,17,PhD,106209,1,Sales
male,32,9,PhD,78103,0,Research
male,49,19,PhD,108584,1,Engineering
female,27,1,PhD,54414,0,Management
female,32,9,Bachelor,62950,0,Management
female,26,3,PhD,64647,1,Research
female,27,1,Masters,53700,0,Management
female,35,5,Bachelor,55444,1,Research
female,49,23,Masters,121075,1,Engineering
female,38,10,PhD,86449,1,Sales
female,42,18,PhD,104381,1,Research
male,26,1,Masters,53780,1,Research
male,32,9,Masters,77103,1,Research
male,24,1,Masters,54793,1,Research
male,44,16,PhD,104560,1,Engineering
female,41,14,PhD,97624,0,Sales
female,50,23,Masters,121520,1,Sales
female,34,8,PhD,76012,0,Management
male,47,24,PhD,129013,1,Management
female,36,11,Bachelor,75714,0,Sales
male,31,7,Bachelor,64201,1,Research
male,30,1,Bachelor,44851,0,Engineering
female,38,13,PhD,90104,1,Research
male,27,1,PhD,61725,1,Engineering
male,47,24,Bachelor,113586,1,Sales
female,32,2,Masters,56870,1,Research
female,43,15,PhD,96569,1,Sales
male,33,7,PhD,78687,1,Research
female,25,2,PhD,63945,0,Sales
male,41,17,Bachelor,86317,1,Management
female,35,12,PhD,92328,1,Sales
female,49,19,Bachelor,95706,1,Management
male,43,16,Masters,95658,1,Sales
male,42,19,PhD,108890,1,Engineering
female,28,1,PhD,59036,1,Research
male,41,18,Bachelor,91825,1,Management
female,49,22,PhD,121463,0,Engineering
male,26,2,PhD,58707,1,Research
female,24,1,Bachelor,42386,1,Sales
male,24,1,Masters,54574,0,Sales
male,27,1,PhD,58326,0,Research
male,38,13,PhD,91132,1,Research
male,39,9,Bachelor,71363,1,Sales
female,40,15,Masters,89112,1,Sales
female,44,20,PhD,113568,1,Research
male,42,15,Bachelor,82851,1,Engineering
male,29,1,PhD,60554,0,Engineering
female,38,13,Bachelor,81292,0,Sales
female,36,8,PhD,81635,1,Management
female,27,4,Bachelor,55340,1,Sales
female,29,1,Bachelor,38345,1,Research
female,42,16,PhD,102339,0,Research
female,39,9,Bachelor,69201,1,Research
male,34,6,Bachelor,54548,1,Management
female,37,7,Bachelor,65738,1,Research
female,34,9,Bachelor,62736,1,Research
female,38,8,Bachelor,63291,1,Sales
female,46,21,Masters,110877,1,Sales
female,41,12,Bachelor,78922,0,Management
female,40,14,PhD,97100,0,Research
female,49,25,PhD,125168,1,Research
female,26,1,Masters,51574,0,Engineering
female,48,26,Bachelor,119275,1,Sales
female,36,12,Masters,87985,1,Engineering
male,34,5,PhD,70122,0,Sales
female,49,26,PhD,131910,1,Research
female,41,11,PhD,83491,1,Research
female,35,8,PhD,75383,1,Sales
male,37,11,Bachelor,70549,1,Sales
female,44,18,PhD,109500,1,Management
female,49,19,Masters,100124,1,Engineering
male,50,26,Masters,121088,1,Sales
female,33,8,Bachelor,62659,1,Management
male,50,28,Bachelor,121189,1,Engineering
male,29,7,Masters,72126,1,Research
male,37,10,PhD,82305,1,Management
female,45,23,PhD,123680,1,Sales
female,33,6,PhD,75570,1,Management
male,34,10,Bachelor,71766,1,Sales
female,25,1,Bachelor,44622,1,Research
male,37,7,Masters,68832,1,Engineering
female,39,11,Bachelor,72991,1,Research
female,37,15,Bachelor,81163,0,Research
male,38,9,PhD,82465,1,Engineering
male,44,19,Bachelor,92644,1,Sales
female,35,7,Masters,69371,1,Research
female,48,23,PhD,122745,1,Research
female,40,11,Bachelor,73127,1,Sales
male,26,1,PhD,59267,1,Research
male,25,1,Bachelor,47167,1,Research
male,50,23,PhD,119844,1,Research
female,47,21,Bachelor,106074,1,Management
male,32,8,Bachelor,66636,1,Engineering
male,50,25,Bachelor,110355,1,Engineering
female,30,1,PhD,54052,1,Sales
female,32,10,Bachelor,74887,1,Management
male,37,11,Bachelor,70635,1,Sales
male,49,20,PhD,111613,1,Research
female,34,10,Masters,73321,0,Sales
male,30,5,Bachelor,59181,0,Sales
male,50,24,PhD,123077,1,Research
female,41,11,Masters,76971,1,Sales
female,24,1,Masters,55640,1,Management
female,34,4,Masters,55076,1,Sales
male,42,16,Bachelor,85456,1,Sales
female,27,1,Masters,46131,0,Management
male,46,21,Masters,110537,1,Research
female,38,10,PhD,89886,1,Sales
male,46,17,Bachelor,92388,1,Sales
male,30,5,Bachelor,55740,0,Research
male,33,8,PhD,74820,1,Management
female,44,20,Masters,112675,1,Management
female,27,1,PhD,55478,0,Sales
female,49,25,Bachelor,113792,1,Research
male,36,13,Bachelor,80387,1,Engineering
male,25,1,Masters,46783,1,Research
female,34,4,PhD,66918,0,Engineering
male,46,18,Bachelor,89292,1,Management
female,32,10,Masters,80956,1,Research
female,30,5,Masters,67254,1,Sales
male,30,1,Masters,47326,1,Sales
male,37,14,Bachelor,83131,1,Research
male,41,17,Masters,99306,1,Engineering
male,30,4,Masters,63586,1,Sales
male,25,1,Masters,49028,1,Sales
female,27,3,Masters,56969,0,Sales
male,44,17,Masters,98503,0,Sales
female,24,2,Bachelor,45147,1,Management
female,40,11,Bachelor,76459,1,Management
male,32,9,Masters,71387,1,Engineering
female,48,22,Masters,115912,1,Engineering
male,42,19,PhD,115095,1,Research
male,40,14,Bachelor,86972,1,Research
female,36,9,PhD,81997,1,Research
male,36,12,Bachelor,78971,1,Management
male,50,27,Masters,133515,1,Research
female,31,9,Masters,71204,0,Research
male,32,2,PhD,64947,0,Sales
female,38,16,Masters,100844,1,Research
female,33,11,Masters,80333,1,Management
male,50,26,Masters,127205,1,Sales
female,33,8,Masters,76032,1,Sales
female,44,17,PhD,102216,1,Management
male,31,3,Masters,53352,1,Research
female,30,2,PhD,60681,1,Sales
male,25,1,PhD,54154,0,Management
female,32,6,Masters,67996,0,Research
female,26,1,Masters,54387,1,Engineering
male,42,16,Masters,100069,1,Sales
female,45,22,Masters,112654,1,Sales
female,41,12,Bachelor,73786,1,Management
male,38,11,Masters,85064,0,Engineering
male,27,1,Bachelor,40534,0,Research
male,33,7,Masters,64828,1,Management
male,28,2,Bachelor,50452,0,Sales
male,24,1,Masters,55225,1,Management
female,31,8,PhD,75535,1,Management
male,48,18,Masters,99163,1,Management
male,44,18,Masters,99232,1,Sales
male,46,16,Masters,94045,1,Engineering
female,49,21,Masters,114978,1,Research
female,31,8,Masters,67500,1,Research
female,25,1,PhD,53489,1,Management
male,40,12,PhD,88225,0,Management
male,30,5,Masters,63980,0,Management
male,48,23,PhD,122190,1,Sales
female,44,15,Masters,88195,1,Research
female,45,16,Bachelor,89730,1,Sales
male,41,12,Bachelor,75726,0,Management
male,38,8,Bachelor,66371,1,Engineering
male,37,14,Bachelor,85829,1,Sales
female,46,21,PhD,117895,1,Research
female,45,16,PhD,101830,1,Engineering
female,35,8,Masters,67040,1,Management
male,35,5,PhD,73269,1,Sales
male,31,4,Bachelor,53065,0,Management
male,27,1,PhD,62298,1,Engineering
male,30,3,Masters,60192,1,Management
male,42,16,Masters,100866,1,Sales
male,46,20,PhD,112493,1,Engineering
female,48,20,Bachelor,96452,0,Sales
female,35,7,Masters,69162,1,Management
female,50,25,Bachelor,119504,1,Sales
female,39,11,PhD,92362,1,Management
male,46,16,Masters,95654,1,Research
male,47,21,Bachelor,103037,0,Research
female,24,1,Bachelor,46604,0,Research
male,48,18,Masters,98213,1,Sales
female,38,16,Masters,100364,1,Research
female,49,24,PhD,127802,1,Management
male,33,6,PhD,75403,0,Research
male,32,5,PhD,68458,0,Engineering
male,29,6,Bachelor,58264,1,Engineering
female,40,10,PhD,87300,1,Engineering
female,42,14,Bachelor,77409,1,Management
male,37,12,PhD,90709,1,Engineering
male,45,18,Masters,103461,1,Management
female,28,1,PhD,56234,1,Sales
male,33,11,Masters,77082,1,Management
male,34,4,Bachelor,56844,1,Engineering
male,41,13,PhD,96876,1,Research
male,28,1,PhD,55127,0,Sales
male,41,16,Masters,100532,0,Engineering
male,50,24,Masters,120512,0,Engineering
male,46,20,PhD,111366,1,Management
male,25,1,Bachelor,41915,1,Research
male,31,9,Bachelor,66825,1,Engineering
female,42,13,Masters,91267,1,Engineering
male,49,27,PhD,140102,0,Engineering
female,41,14,Masters,89279,0,Engineering
male,26,3,Bachelor,45552,1,Engineering
male,45,18,Bachelor,92191,1,Research
female,38,8,Masters,68572,0,Management
female,40,12,Masters,80915,0,Sales
female,29,6,Masters,63971,1,Management
male,40,13,Masters,84430,0,Sales
female,48,20,PhD,119333,1,Engineering
male,27,1,PhD,57127,0,Management
female,34,9,Masters,72655,1,Research
male,46,17,PhD,108561,1,Management
male,43,19,Masters,109793,1,Research
female,45,16,PhD,100466,1,Sales
male,31,6,Bachelor,61458,1,Sales
male,50,24,Masters,120164,1,Sales
female,50,23,Bachelor,107967,1,Sales
female,45,21,PhD,114269,1,Engineering
male,39,12,Masters,88892,1,Research
female,41,12,Bachelor,73329,0,Management
female,28,5,Masters,59342,1,Research
female,26,1,PhD,53685,0,Management
male,34,11,Masters,82891,1,Engineering
female,41,14,Masters,88589,0,Research
male,27,1,PhD,53549,1,Sales
female,25,1,Masters,54561,0,Research
male,36,10,Bachelor,67636,1,Engineering
female,36,14,Bachelor,81240,1,Management
male,46,20,Masters,110501,1,Sales
male,48,25,Bachelor,113484,1,Research
female,46,21,PhD,113302,1,Sales
female,38,16,Bachelor,90527,1,Research
female,31,4,PhD,71718,1,Management
female,38,13,PhD,97467,1,Management
female,45,23,Masters,114535,1,Management
female,49,21,PhD,118324,1,Sales
female,28,5,Masters,58362,1,Engineering
male,40,12,PhD,86287,1,Management
female,48,25,PhD,128729,1,Engineering
female,44,21,PhD,122380,1,Engineering
female,25,1,PhD,56974,1,Research
male,36,14,PhD,99237,1,Research
male,28,1,PhD,58896,0,Management
female,25,1,PhD,61616,0,Research
female,36,8,PhD,77809,0,Management
male,32,5,Masters,62140,0,Management
male,40,18,Masters,99766,1,Research
female,48,23,Bachelor,106800,1,Management
female,31,2,Masters,56138,1,Management
male,38,16,PhD,107998,1,Research
female,30,6,PhD,71522,1,Engineering
male,25,1,Bachelor,45341,1,Engineering
male,48,21,Masters,106522,1,Sales
male,39,10,Masters,81717,1,Research
female,37,13,Masters,84921,1,Engineering
female,50,20,Masters,107025,1,Engineering
female,32,6,Masters,69546,1,Management
male,31,8,Bachelor,62795,1,Research
female,43,20,PhD,112930,1,Research
female,44,19,Masters,108998,1,Management
female,34,10,Bachelor,72201,1,Management
female,49,25,PhD,127816,1,Management
male,34,5,PhD,69439,1,Sales
male,40,11,Masters,76524,1,Management
female,34,4,PhD,67644,1,Engineering
female,27,1,PhD,59071,1,Sales
male,30,4,PhD,70353,0,Management
male,49,21,Bachelor,98658,1,Research
female,35,9,Bachelor,65031,1,Engineering
male,47,22,PhD,116388,1,Engineering
male,27,1,Masters,49971,1,Management
female,31,5,Masters,62399,0,Management
female,34,11,Masters,81232,1,Management
female,37,9,Masters,78316,0,Research
female,50,27,Bachelor,119997,0,Research
female,24,1,Masters,55898,0,Sales
male,37,8,Masters,73411,0,Engineering
male,34,4,Masters,61831,1,Management
female,27,1,Bachelor,40494,1,Research
female,35,7,Bachelor,61681,0,Management
male,25,1,PhD,53341,0,Research
male,31,3,PhD,60258,0,Engineering
female,40,10,PhD,87028,0,Research
male,32,2,Bachelor,48530,0,Management
female,32,6,Bachelor,57050,1,Engineering
female,28,1,Bachelor,39872,0,Engineering
male,32,9,PhD,84264,1,Engineering
female,50,21,Bachelor,105841,1,Management
male,44,20,Bachelor,99450,1,Sales
male,45,17,PhD,109416,1,Research
female,28,6,Bachelor,58194,0,Management
